<?xml version="1.0" encoding="UTF-8" ?>
<!DOCTYPE mapper PUBLIC "-//mybatis.org//DTD Mapper 3.0//EN" "http://mybatis.org/dtd/mybatis-3-mapper.dtd" >
<mapper namespace="com.sky.mapper.UserInfoMapper">
    <insert id="star">
        insert into user_stars (user_id,release_id) values (#{userId},#{id})
    </insert>
    <update id="updateUserInfo">
        update user
        <set>
            <if test="name != null">
                name = #{name},
            </if>
            <if test="email != null">
                email = #{email},
            </if>
            <if test="wechat != null">
                wechat = #{wechat},
            </if>
            <if test="phone != null">
                phone = #{phone},
            </if>
            <if test="birthday != null">
                birthday = #{birthday},
            </if>
        </set>
    </update>

    <select id="selectById" resultType="com.zhanghao.vo.UserInfoVO">
        select * from user where id = #{id}
    </select>
    <select id="selectall" resultType="com.zhanghao.entity.UserInfoEntity">
        select * from user
    </select>
</mapper>